{"iteration":24000,"train_loss":0.5361007104249323,"learning_rate":6.25e-05,"_timestamp":1.764253400243577e+09,"_step":24000,"dev_loss":1.334045929837168,"_wandb":{"runtime":3899},"_runtime":3899.849734583}