{"_timestamp":1.764073892698431e+09,"dev_loss":2.652146577835083,"_wandb":{"runtime":3081},"_runtime":3081.2145248,"_step":27200,"train_loss":2.636182451248169,"learning_rate":6e-05,"iteration":27200}