{"_wandb":{"runtime":4427},"_runtime":4427.978829125,"learning_rate":0.000125,"_timestamp":1.764271078730738e+09,"_step":27210,"iteration":27210,"train_loss":0.8603060580435675,"dev_loss":1.4933193240121905}