{"_wandb":{"runtime":25},"_runtime":25.1758664,"learning_rate":0.0003047443913203383,"iteration":1380,"_timestamp":1.764084822202926e+09,"_step":1380,"train_loss":3.645024037361145}