{"_runtime":1796.6709122,"iteration":20000,"_timestamp":1.7641540504203756e+09,"_step":20000,"train_loss":0.5677728772163391,"learning_rate":0.00016688200362621506,"dev_loss":1.548305556178093,"_wandb":{"runtime":1796}}