{"learning_rate":0.001,"_timestamp":1.7642625819336698e+09,"_step":27210,"iteration":27210,"dev_loss":2.9478497463519493,"_wandb":{"runtime":4421},"_runtime":4421.379604084,"train_loss":2.9293007024417292}