{"_wandb":{"runtime":3452},"_runtime":3452.8647396,"_timestamp":1.7641487321962607e+09,"_step":14030,"train_loss":0.7747592866420746,"learning_rate":0.0003617927753068588,"iteration":14030,"dev_loss":1.497070550918579}