{"iteration":3060,"_timestamp":1.764070692161236e+09,"_step":3060,"dev_loss":NaN,"_wandb":{"runtime":190},"_runtime":190.8835007,"train_loss":NaN,"learning_rate":0.0005997396053946569}