{"_wandb":{"runtime":383},"_runtime":383.6991079,"_step":27200,"train_loss":2.6073084354400633,"learning_rate":6e-05,"iteration":27200,"_timestamp":1.7640860650263624e+09,"dev_loss":2.6398885250091553}