{"_timestamp":1.7640855274333298e+09,"_step":27200,"dev_loss":1.5757705867290497,"_wandb":{"runtime":602},"_runtime":602.8728653,"train_loss":1.1252644121646882,"learning_rate":6e-05,"iteration":27200}