{"_wandb":{"runtime":4331},"_runtime":4331.235220917,"iteration":27210,"train_loss":0.9358495835844876,"learning_rate":0.0005,"_timestamp":1.7642579039790971e+09,"_step":27210,"dev_loss":1.5292673899458045}