{"train_loss":7.618043518066406,"learning_rate":4.87679293858036e-05,"iteration":220,"_wandb":{"runtime":77},"_runtime":77.0834815,"_timestamp":1.764151995127678e+09,"_step":220}